# 查询`select`

## 普通查询

>* 普通查询：`select * from 表名;`
>
>  * `*`表示匹配指定表的所有字段。
>
>  * `*`被表的指定字段代替后其查询的结果就是我们指定字段的数据。
>
>  * `as`关键字代表起别名。
>
>    ```mysql
>    #数据太多故结合了条件查询
>    mysql> select id as 学号 from student where id<10;
>    +------+
>    | 学号  |
>    +------+
>    |    5 |
>    |    6 |
>    |    7 |
>    |    8 |
>    |    9 |
>    +------+
>    5 rows in set (0.00 sec)
>    ```
>
>* 普通条件查询：`select * from 表名 where 条件;`
>
>  ```mysql
>  mysql> select id as 学号,name as 姓名 from student where id<10;
>  +------+-------+
>  | 学号  | 姓名  |
>  +------+-------+
>  |    5 | user4 |
>  |    6 | user5 |
>  |    7 | user6 |
>  |    8 | user7 |
>  |    9 | user8 |
>  +------+-------+
>  5 rows in set (0.01 sec)
>  ```
>
>* 消除重复行查询（用于消除完全重复的两条查询结果）：`select distinct * form 表名;`
>
>  ```mysql
>  #数据太多故结合了条件查询
>  mysql> select distinct * from student where id<10;
>  +----+-------+-----+-----+
>  | id | name  | sex | age |
>  +----+-------+-----+-----+
>  |  5 | user4 | 男  |  39 |
>  |  6 | user5 | 女  |  81 |
>  |  7 | user6 | 男  |  90 |
>  |  8 | user7 | 女  |   5 |
>  |  9 | user8 | 男  |  55 |
>  +----+-------+-----+-----+
>  5 rows in set (0.07 sec)
>  ```

## `case`查询（常用于对某个字段进行筛选）

>### 使用格式
>
>```mysql
>select
>(
>    case
>    	when 字段1条件1 then '结果1'
>    	when 字段1条件2 then '结果2'
>    	#...
>    	when 字段1条件n then '结果n'
>    	else '所有条件均未成立时的结果'
>    end
>) as 别名0,
>字段1 as 别名1,
>字段2 as 别名2,
>字段3 as 别名3,
>#...
>字段n as 别名n
>from 表名 where 筛表条件;
>```
>
>#### 使用用例
>
>```mysql
>select
>(
>    case
>    when age>=18 and age<=100 then '成年'
>    when age<=17 and age>0 then '未成年'
>    else '异常'
>    end
>) as 是否成年,
>name as 姓名
>from student where id=33;
>```
>
>### 测试用例
>
>* 方式1：
>
>  ```mysql
>  mysql> select
>      -> (case when age>17 then '成年' else '未成年' end) as 是否成年
>      -> from student where id=33;
>  +----------+
>  | 是否成年 |
>  +----------+
>  | 成年     |
>  +----------+
>  1 row in set (0.00 sec)
>  ```
>
>* 方式2：
>
>  ```mysql
>  mysql> select
>      -> (
>      ->     case
>      ->     	when age>=18 and age<=100 then '成年'
>      ->     	when age<=17 and age>0 then '未成年'
>      ->     	else '异常'
>      ->     end
>      -> ) as 是否成年,
>      -> name as 姓名
>      -> from student where id=33;
>  +----------+--------+
>  | 是否成年 | 姓名   |
>  +----------+--------+
>  | 成年     | user32 |
>  +----------+--------+
>  1 row in set (0.00 sec)
>  ```

## 模糊查询

>* 格式1：`select * from 表名 where 字段名 like '部分字段值%';`
>
>* 格式2：`select * from 表名 where 字段名 like '%部分字段值_';`
>
>  * **`%`表示任意个字符**
>    * 单个使用时表示匹配全部字符
>  * **`_`表示任意单个字符**
>    * 单个使用时表示匹配含有一个字符的字段
>
>  ```mysql
>  #模糊查询表中该字段含有一个字符的记录
>  mysql> select * from student where id like'_';
>  +----+-------+-----+-----+
>  | id | name  | sex | age |
>  +----+-------+-----+-----+
>  |  5 | user4 | 男  |  39 |
>  |  6 | user5 | 女  |  81 |
>  |  7 | user6 | 男  |  90 |
>  |  8 | user7 | 女  |   5 |
>  |  9 | user8 | 男  |  55 |
>  +----+-------+-----+-----+
>  5 rows in set (0.01 sec)
>  ```
>
>  ```mysql
>  #模糊查询表中该字段含有任意个字符的记录
>  mysql> select * from student where id like'%';
>  #...
>  |  9995 | user9994 | 男  |  78 |
>  |  9996 | user9995 | 女  |   9 |
>  |  9997 | user9996 | 男  |   8 |
>  |  9998 | user9997 | 女  |  15 |
>  |  9999 | user9998 | 男  |  50 |
>  | 10000 | user9999 | 女  |   2 |
>  +-------+----------+-----+-----+
>  9996 rows in set (0.01 sec)
>  ```

## 范围查询`between`

>* 格式：`select * from 表名 where 字段名 between 范围起点值 and 范围终点值;`
>
>* 即查询在`[范围起点值，范围终点值]`这个区间内的数据。
>
>  ```mysql
>  mysql> select * from student where id between 10 and 20;
>  +----+--------+-----+-----+
>  | id | name   | sex | age |
>  +----+--------+-----+-----+
>  | 10 | user9  | 女  |  58 |
>  | 11 | user10 | 男  |  25 |
>  | 12 | user11 | 女  |  50 |
>  | 13 | user12 | 男  |  76 |
>  | 14 | user13 | 女  |  30 |
>  | 15 | user14 | 男  |  21 |
>  | 16 | user15 | 女  |  14 |
>  | 17 | user16 | 男  |   5 |
>  | 18 | user17 | 女  |  85 |
>  | 19 | user18 | 男  |   8 |
>  | 20 | user19 | 女  |  87 |
>  +----+--------+-----+-----+
>  11 rows in set (0.00 sec)
>  ```

## 谓词查询

>* 
>
>

## 连接查询（多个表之间一定彼此相互有关系，如公共字段）

>### 普通连接查询
>
>* 格式：`select * from 表1 as A,表2 as B where A.字段1=B.字段1;`
>
>### ==普通自连接查询（自己连接自己，自连接查询一定要起别名）==
>
>* 格式：`select * from 表1 as A,表1 as B where A.字段1=B.字段1;`
>
>  ```mysql
>  #会显示全部数据
>  select * from student as A,student as B where A.id=B.id;
>  ```
>
>  ```mysql
>  #加入条件扩展，查询B表中与A表id为5的同学年龄相同的所有人的记录
>  mysql> select * from student as A,student as B where A.age=B.age and A.id=5;
>  +----+-------+-----+-----+------+----------+-----+-----+
>  | id | name  | sex | age | id   | name     | sex | age |
>  +----+-------+-----+-----+------+----------+-----+-----+
>  |  5 | user4 | 男  |  39 |    5 | user4    | 男  |  39 |
>  |  5 | user4 | 男  |  39 |  561 | user560  | 男  |  39 |
>  |  5 | user4 | 男  |  39 |  592 | user591  | 女  |  39 |
>  |  5 | user4 | 男  |  39 |  596 | user595  | 女  |  39 |
>  |  5 | user4 | 男  |  39 |  637 | user636  | 男  |  39 |
>  |  5 | user4 | 男  |  39 |  749 | user748  | 男  |  39 |
>  |  5 | user4 | 男  |  39 |  778 | user777  | 女  |  39 |
>  |  5 | user4 | 男  |  39 |  972 | user971  | 女  |  39 |
>  |  5 | user4 | 男  |  39 |  980 | user979  | 女  |  39 |
>  |  5 | user4 | 男  |  39 | 1147 | user1146 | 男  |  39 |
>  |  5 | user4 | 男  |  39 | 1170 | user1169 | 女  |  39 |
>  |  5 | user4 | 男  |  39 | 1392 | user1391 | 女  |  39 |
>  |  5 | user4 | 男  |  39 | 1453 | user1452 | 男  |  39 |
>  |  5 | user4 | 男  |  39 | 1982 | user1981 | 女  |  39 |
>  |  5 | user4 | 男  |  39 | 2024 | user2023 | 女  |  39 |
>  |  5 | user4 | 男  |  39 | 2049 | user2048 | 男  |  39 |
>  |  5 | user4 | 男  |  39 | 2110 | user2109 | 女  |  39 |
>  |  5 | user4 | 男  |  39 | 2146 | user2145 | 女  |  39 |
>  |  5 | user4 | 男  |  39 | 2445 | user2444 | 男  |  39 |
>  |  5 | user4 | 男  |  39 | 2504 | user2503 | 女  |  39 |
>  |  5 | user4 | 男  |  39 | 2680 | user2679 | 女  |  39 |
>  |  5 | user4 | 男  |  39 | 2696 | user2695 | 女  |  39 |
>  |  5 | user4 | 男  |  39 | 2702 | user2701 | 女  |  39 |
>  |  5 | user4 | 男  |  39 | 2703 | user2702 | 男  |  39 |
>  |  5 | user4 | 男  |  39 | 2735 | user2734 | 男  |  39 |
>  |  5 | user4 | 男  |  39 | 2765 | user2764 | 男  |  39 |
>  |  5 | user4 | 男  |  39 | 2819 | user2818 | 男  |  39 |
>  |  5 | user4 | 男  |  39 | 2859 | user2858 | 男  |  39 |
>  |  5 | user4 | 男  |  39 | 2863 | user2862 | 男  |  39 |
>  |  5 | user4 | 男  |  39 | 2935 | user2934 | 男  |  39 |
>  |  5 | user4 | 男  |  39 | 2948 | user2947 | 女  |  39 |
>  |  5 | user4 | 男  |  39 | 2994 | user2993 | 女  |  39 |
>  |  5 | user4 | 男  |  39 | 3130 | user3129 | 女  |  39 |
>  |  5 | user4 | 男  |  39 | 3352 | user3351 | 女  |  39 |
>  |  5 | user4 | 男  |  39 | 3364 | user3363 | 女  |  39 |
>  |  5 | user4 | 男  |  39 | 3376 | user3375 | 女  |  39 |
>  |  5 | user4 | 男  |  39 | 3853 | user3852 | 男  |  39 |
>  |  5 | user4 | 男  |  39 | 3882 | user3881 | 女  |  39 |
>  |  5 | user4 | 男  |  39 | 3924 | user3923 | 女  |  39 |
>  |  5 | user4 | 男  |  39 | 3930 | user3929 | 女  |  39 |
>  |  5 | user4 | 男  |  39 | 3992 | user3991 | 女  |  39 |
>  |  5 | user4 | 男  |  39 | 4046 | user4045 | 女  |  39 |
>  |  5 | user4 | 男  |  39 | 4183 | user4182 | 男  |  39 |
>  |  5 | user4 | 男  |  39 | 4313 | user4312 | 男  |  39 |
>  |  5 | user4 | 男  |  39 | 4413 | user4412 | 男  |  39 |
>  |  5 | user4 | 男  |  39 | 4575 | user4574 | 男  |  39 |
>  |  5 | user4 | 男  |  39 | 4587 | user4586 | 男  |  39 |
>  |  5 | user4 | 男  |  39 | 4672 | user4671 | 女  |  39 |
>  |  5 | user4 | 男  |  39 | 4900 | user4899 | 女  |  39 |
>  |  5 | user4 | 男  |  39 | 4965 | user4964 | 男  |  39 |
>  |  5 | user4 | 男  |  39 | 5331 | user5330 | 男  |  39 |
>  |  5 | user4 | 男  |  39 | 5530 | user5529 | 女  |  39 |
>  |  5 | user4 | 男  |  39 | 5736 | user5735 | 女  |  39 |
>  |  5 | user4 | 男  |  39 | 5798 | user5797 | 女  |  39 |
>  |  5 | user4 | 男  |  39 | 5940 | user5939 | 女  |  39 |
>  |  5 | user4 | 男  |  39 | 5969 | user5968 | 男  |  39 |
>  |  5 | user4 | 男  |  39 | 6009 | user6008 | 男  |  39 |
>  |  5 | user4 | 男  |  39 | 6050 | user6049 | 女  |  39 |
>  |  5 | user4 | 男  |  39 | 6078 | user6077 | 女  |  39 |
>  |  5 | user4 | 男  |  39 | 6088 | user6087 | 女  |  39 |
>  |  5 | user4 | 男  |  39 | 6093 | user6092 | 男  |  39 |
>  |  5 | user4 | 男  |  39 | 6112 | user6111 | 女  |  39 |
>  |  5 | user4 | 男  |  39 | 6143 | user6142 | 男  |  39 |
>  |  5 | user4 | 男  |  39 | 6190 | user6189 | 女  |  39 |
>  |  5 | user4 | 男  |  39 | 6303 | user6302 | 男  |  39 |
>  |  5 | user4 | 男  |  39 | 6373 | user6372 | 男  |  39 |
>  |  5 | user4 | 男  |  39 | 6502 | user6501 | 女  |  39 |
>  |  5 | user4 | 男  |  39 | 6567 | user6566 | 男  |  39 |
>  |  5 | user4 | 男  |  39 | 6774 | user6773 | 女  |  39 |
>  |  5 | user4 | 男  |  39 | 6805 | user6804 | 男  |  39 |
>  |  5 | user4 | 男  |  39 | 6893 | user6892 | 男  |  39 |
>  |  5 | user4 | 男  |  39 | 6959 | user6958 | 男  |  39 |
>  |  5 | user4 | 男  |  39 | 7131 | user7130 | 男  |  39 |
>  |  5 | user4 | 男  |  39 | 7292 | user7291 | 女  |  39 |
>  |  5 | user4 | 男  |  39 | 7407 | user7406 | 男  |  39 |
>  |  5 | user4 | 男  |  39 | 7497 | user7496 | 男  |  39 |
>  |  5 | user4 | 男  |  39 | 7586 | user7585 | 女  |  39 |
>  |  5 | user4 | 男  |  39 | 7602 | user7601 | 女  |  39 |
>  |  5 | user4 | 男  |  39 | 7725 | user7724 | 男  |  39 |
>  |  5 | user4 | 男  |  39 | 7800 | user7799 | 女  |  39 |
>  |  5 | user4 | 男  |  39 | 7822 | user7821 | 女  |  39 |
>  |  5 | user4 | 男  |  39 | 7828 | user7827 | 女  |  39 |
>  |  5 | user4 | 男  |  39 | 7940 | user7939 | 女  |  39 |
>  |  5 | user4 | 男  |  39 | 7953 | user7952 | 男  |  39 |
>  |  5 | user4 | 男  |  39 | 7990 | user7989 | 女  |  39 |
>  |  5 | user4 | 男  |  39 | 8183 | user8182 | 男  |  39 |
>  |  5 | user4 | 男  |  39 | 8220 | user8219 | 女  |  39 |
>  |  5 | user4 | 男  |  39 | 8266 | user8265 | 女  |  39 |
>  |  5 | user4 | 男  |  39 | 8661 | user8660 | 男  |  39 |
>  |  5 | user4 | 男  |  39 | 8689 | user8688 | 男  |  39 |
>  |  5 | user4 | 男  |  39 | 8691 | user8690 | 男  |  39 |
>  |  5 | user4 | 男  |  39 | 8692 | user8691 | 女  |  39 |
>  |  5 | user4 | 男  |  39 | 8696 | user8695 | 女  |  39 |
>  |  5 | user4 | 男  |  39 | 9251 | user9250 | 男  |  39 |
>  |  5 | user4 | 男  |  39 | 9328 | user9327 | 女  |  39 |
>  |  5 | user4 | 男  |  39 | 9432 | user9431 | 女  |  39 |
>  |  5 | user4 | 男  |  39 | 9521 | user9520 | 男  |  39 |
>  |  5 | user4 | 男  |  39 | 9673 | user9672 | 男  |  39 |
>  |  5 | user4 | 男  |  39 | 9675 | user9674 | 男  |  39 |
>  |  5 | user4 | 男  |  39 | 9896 | user9895 | 女  |  39 |
>  +----+-------+-----+-----+------+----------+-----+-----+
>  100 rows in set (0.00 sec)
>  ```
>
>### 笛卡尔积查询`join...on不写条件 ,包含大量重复结果`
>
>* 格式：`select * from 表1 join 表2 on;`
>
>  ```mysql
>  mysql> select * from teacher join newteacher;
>  +--------+--------+-----+----------+--------+--------+-----+----------+
>  | jobnum | name   | sex | subject  | jobnum | name   | sex | subject  |
>  +--------+--------+-----+----------+--------+--------+-----+----------+
>  |      4 |  罗宾   |  女  |  大学历史 |      1 | 默凡语 |  男  |  大学语文 |
>  |      3 |  娜美   |  女  |  大学美术 |      1 | 默凡语 |  男  |  大学语文 |
>  |      2 |  李宗盛 |  男  |  大学音乐 |      1 | 默凡语 |  男  |  大学语文 |
>  |      1 |  默凡语 |  男  |  大学语文 |      1 | 默凡语 |  男  |  大学语文 |
>  |      4 |  罗宾   |  女  |  大学历史 |      2 | 李宗盛 |  男  |  大学音乐 |
>  |      3 |  娜美   |  女  |  大学美术 |      2 | 李宗盛 |  男  |  大学音乐 |
>  |      2 |  李宗盛 |  男  |  大学音乐 |      2 | 李宗盛 |  男  |  大学音乐 |
>  |      1 |  默凡语 |  男  |  大学语文 |      2 | 李宗盛 |  男  |  大学音乐 |
>  |      4 |  罗宾   |  女  |  大学历史 |      3 | 路飞   |  男  |  大学体育 |
>  |      3 |  娜美   |  女  |  大学美术 |      3 | 路飞   |  男  |  大学体育 |
>  |      2 |  李宗盛 |  男  |  大学音乐 |      3 | 路飞   |  男  |  大学体育 |
>  |      1 |  默凡语 |  男  |  大学语文 |      3 | 路飞   |  男  |  大学体育 |
>  |      4 |  罗宾   |  女  |  大学历史 |      4 | 索隆   |  男  |  大学物理 |
>  |      3 |  娜美   |  女  |  大学美术 |      4 | 索隆   |  男  |  大学物理 |
>  |      2 |  李宗盛 |  男  |  大学音乐 |      4 | 索隆   |  男  |  大学物理 |
>  |      1 |  默凡语 |  男  |  大学语文 |      4 | 索隆   |  男  |  大学物理 |
>  +--------+--------+-----+----------+--------+--------+-----+----------+
>  16 rows in set (0.00 sec)
>  ```
>
>### 内连接查询`join`(默认内连接)
>
>* 格式：`select * from 表1 as A join 表2 as B on A.字段1=B.字段2; `
>
>  ```mysql
>  mysql> select * from teacher as A join newteacher as B on A.name=B.name;
>  +--------+--------+-----+----------+--------+--------+-----+----------+
>  | jobnum | name   | sex | subject  | jobnum | name   | sex | subject  |
>  +--------+--------+-----+----------+--------+--------+-----+----------+
>  |      1 |  默凡语 | 男  |   大学语文 |      1 |  默凡语 | 男  |  大学语文 |
>  |      2 |  李宗盛 | 男  |   大学音乐 |      2 |  李宗盛 | 男  |  大学音乐 |
>  +--------+--------+-----+----------+--------+--------+-----+----------+
>  2 rows in set (0.00 sec)
>  ```
>
>  * 内连接下的自查询（自连接查询一定要有别名）
>
>    * 格式：`select * from 表1 as A join 表1 as B on A.字段1=B.字段2;`
>
>    ```mysql
>    #内连接下的自查询
>    mysql> select * from teacher as A join teacher as B on A.name=B.name;.
>    +--------+--------+-----+----------+--------+--------+-----+----------+
>    | jobnum | name   | sex | subject  | jobnum | name   | sex | subject  |
>    +--------+--------+-----+----------+--------+--------+-----+----------+
>    |      1 |  默凡语 |  男  |  大学语文 |      1 |  默凡语 | 男  |   大学语文 |
>    |      2 |  李宗盛 |  男  |  大学音乐 |      2 |  李宗盛 | 男  |   大学音乐 |
>    +--------+--------+-----+----------+--------+--------+-----+----------+
>    2 rows in set (0.00 sec)
>    ```
>
>### 外连接查询`outer join`
>
>* ==**左外连接`left outer join`**==
>
>  * ==**以左边的表为主表，查询左边表的全部信息，查询右边表中符合条件的信息。**==
>
>  * 格式：`select * from 表1 left outer join 表2 on 表1.字段1=表2.字段1;`
>
>    ```mysql
>    mysql> select * from teacher as A left outer join newteacher as B on A.name=B.name;
>    +--------+--------+-----+----------+--------+--------+------+----------+
>    | jobnum | name   | sex | subject  | jobnum | name   | sex  | subject  |
>    +--------+--------+-----+----------+--------+--------+------+----------+
>    |      1 |  默凡语 |  男  |  大学语文 |      1 |  默凡语 | 男   |  大学语文 |
>    |      2 |  李宗盛 |  男  |  大学音乐 |      2 |  李宗盛 | 男   |  大学音乐 |
>    |      3 |  娜美   |  女  |  大学美术 |   NULL | NULL   | NULL |NULL     |
>    |      4 |  罗宾   |  女  |  大学历史 |   NULL | NULL   | NULL |NULL     |
>    +--------+--------+-----+----------+--------+--------+------+----------+
>    4 rows in set (0.00 sec)
>    ```
>
>* ==**右外连接`right outer join`**==
>
>  * ==**以右边的表为主表，查询右边表的全部信息，查询左边表中符合条件的信息。**==
>
>  * 格式：`select * from 表1 right outer join 表2 on 表1.字段1=表2.字段1;`
>
>    ```mysql
>    mysql> select * from teacher as A right outer join newteacher as B on A.name=B.name;
>    +--------+--------+------+----------+--------+--------+-----+----------+
>    | jobnum | name   | sex  | subject  | jobnum | name   | sex | subject  |
>    +--------+--------+------+----------+--------+--------+-----+----------+
>    |      1 |  默凡语 |  男  |   大学语文 |      1 |  默凡语 |  男  | 大学语文 |
>    |      2 |  李宗盛 |  男  |   大学音乐 |      2 |  李宗盛 |  男  | 大学音乐 |
>    |   NULL | NULL   | NULL | NULL     |      3 |  路飞   |  男  | 大学体育 |
>    |   NULL | NULL   | NULL | NULL     |      4 |  索隆   |  男  | 大学物理 |
>    +--------+--------+------+----------+--------+--------+-----+----------+
>    4 rows in set (0.00 sec)
>    ```
>
>* ==**全外连接`full join`**==
>
>  * `MySQL`不支持全外连接，**全外连接就是在内连接的基础上增加左边表有而右边表没有的记录**和**右边表有左边表没有的记录。**
>
>  * ~~格式：`select * from 表1 as A full join 表2 as B on A.字段1=B.字段1； `~~
>
>  * `MySQL`虽然不支持全外连接查询，但是**可以通过`union`来合并左外连接查询与右外连接查询的结果**，这样就实现了类似于全外连接查询的方法与结果。
>
>    #### 全外连接的实现（合并左外连接与右外连接）:yellow_heart:
>
>    * 格式
>
>      ```mysql
>      #左外连接
>      select * from 表1 as A left outer join 表2 as B on A.字段1=B.字段1
>      #合并
>      union
>      #右外连接
>      select * from 表1 as A right outer join 表2 as B on A.字段1=B.字段1;
>      ```
>
>    * 测试
>
>      * 待测试SQL语句
>
>        ```mysql
>        select * from teacher as A left outer join newteacher as B on A.name=B.name
>        union
>        select * from teacher as A right outer join newteacher as B on A.name=B.name;
>        ```
>
>      * 实测数据
>
>        ```mysql
>        +--------+--------+------+----------+--------+--------+------+----------+
>        | jobnum | name   | sex  | subject  | jobnum | name   | sex  | subject  |
>        +--------+--------+------+----------+--------+--------+------+----------+
>        |      1 |  默凡语 | 男   |   大学语文 |      1 |  默凡语 |  男   |  大学语文 |
>        |      2 |  李宗盛 | 男   |   大学音乐 |      2 |  李宗盛 |  男   |  大学音乐 |
>        |      3 |   娜美  | 女   |   大学美术 |   NULL |   NULL | NULL |  NULL    |
>        |      4 |   罗宾  | 女   |   大学历史 |   NULL |   NULL | NULL |  NULL    |
>        |   NULL |  NULL  | NULL |  NULL    |       3 |  路飞  |  男   |  大学体育 |
>        |   NULL |  NULL  | NULL |  NULL    |       4 |  索隆  |  男   |  大学物理 |
>        +--------+--------+------+----------+--------+--------+------+----------+
>        6 rows in set (0.02 sec)
>        ```
>
>* 多表连接查询（并不使用`join...on`）
>
>  * 双表连接查询：
>    * `select * from 表1 as A,表2 as B where A.字段1=B.字段1;`
>  * 三表连接查询：
>    * `select * from 表1 as A,表2 as B,表3 as C where A.字段1=B.字段1 and A.字段1=C.字段1;`
>    * `select * from 表1 as A,表2 as B,表3 as C where A.字段1=B.字段1 and B.字段2=C.字段2;`
>  * 多表连接查询
>  * `select * from 表1 as A,表2 as B,...,表n as N where A.字段1=B.字段1 and B.字段n...N.字段n;`

## 子查询

>#### 在一个`select`语句的`from`子句或`where`子句中包含另一个`select`语句。通常将外层的`select`语句称为主查询，把内成的`select`语句称为子查询。
>
>* `where`中的子查询：
>
>  * **格式：`select * from 父表名 where 匹配子表的条件;`**  
>
>  * 等于
>
>    ```mysql
>    mysql> select * from student where id=(select id from student where id=10);
>    +----+-------+-----+-----+
>    | id | name  | sex | age |
>    +----+-------+-----+-----+
>    | 10 | user9 | 女  |  58 |
>    +----+-------+-----+-----+
>    1 row in set (0.00 sec)
>    ```
>
>  * 不等于
>
>    ```mysql
>    mysql> select * from student where id!=(select id from student where id=10);
>    
>    #结果太多
>    |  9999 | user9998 | 男  |  50 |
>    | 10000 | user9999 | 女  |   2 |
>    +-------+----------+-----+-----+
>    9995 rows in set (0.01 sec)
>    ```
>
>  * 大于
>
>    ```mysql
>    mysql> select * from student where
>        -> id<(select id from student where id=10)
>        -> and
>        -> id>(select id from student where id=8);
>    +----+-------+-----+-----+
>    | id | name  | sex | age |
>    +----+-------+-----+-----+
>    |  9 | user8 | 男  |  55 |
>    +----+-------+-----+-----+
>    1 row in set (0.00 sec)
>    ```
>
>  * 小于
>
>    ```mysql
>    mysql> select * from student where id<(select id from student where id=10);
>    +----+-------+-----+-----+
>    | id | name  | sex | age |
>    +----+-------+-----+-----+
>    |  5 | user4 | 男  |  39 |
>    |  6 | user5 | 女  |  81 |
>    |  7 | user6 | 男  |  90 |
>    |  8 | user7 | 女  |   5 |
>    |  9 | user8 | 男  |  55 |
>    +----+-------+-----+-----+
>    5 rows in set (0.00 sec)
>    ```
>
>  ### 结合谓词的子查询：
>
>  * **`in`**==(在里面)==
>
>    * `in`关键字在查询时内层查询仅仅返回一个数据列，这个数据列中的值将供外层查询语句进行比较操作，且`in`子句表示在某一集合里的查询。
>
>    * 格式：`select * from 父表名 where 同字段 in (select 同字段 from 子表名 where 条件); `
>
>      ```mysql
>      #查询父表中与子表结果集相同的部分（相当于求交集）
>      mysql> select * from teacher where name in (select name from newteacher);
>      +--------+--------+-----+----------+
>      | jobnum | name   | sex | subject  |
>      +--------+--------+-----+----------+
>      |      1 |  默凡语 |  男  |  大学语文 |
>      |      2 |  李宗盛 |  男  |  大学音乐 |
>      +--------+--------+-----+----------+
>      2 rows in set (0.01 sec)
>      ```
>
>  * **`not in`**==（不在里面）==
>
>    * 格式：`select * from 父表名 where 同字段 not in (select 同字段 from 子表名 where 条件);`
>
>      ```mysql
>      #查询父表中与子表结果集不同的部分（返回子查询结果集中没有的内容）
>      mysql> select * from teacher where name not in (select name from newteacher);
>      +--------+------+-----+----------+
>      | jobnum | name | sex | subject  |
>      +--------+------+-----+----------+
>      |      3 |  娜美 | 女  |  大学美术 |
>      |      4 |  罗宾 | 女  |  大学历史 |
>      +--------+------+-----+----------+
>      2 rows in set (0.00 sec)
>      ```
>
>  * **`all`**==（全部）==：
>
>    * `all`关键字表示满足所有条件，它允许创建一个表达式对子查询的返回值列表进行比较，其必须满足内层子查询中全部条件才会被执行输出。
>
>    * 格式：`select * from 父表名 where 同字段=all(select 同字段 from 子表名 where 条件);`
>
>      ```mysql
>      #子查询返回的结果集是不是父查询的一个子集
>      mysql> select * from teacher where name=all (select name from newteacher);
>      Empty set (0.00 sec)
>      ```
>
>  * **`any`**==（任意一个）==：
>
>    * `any`关键字表示满足其中任意一个条件，它允许创建一个表达式对子查询的返回值列表进行比较，只要满足内层子查询中任意一个条件，就返回一个结果作为外层查询条件。
>
>    * 格式：`select * from 父表名 where 同字段=any(select 同字段 from 子表名 where 条件);`
>
>      ```mysql
>      #返回子查询结果集中任意一个存在于父查询的数据
>      mysql> select * from teacher where name=any(select name from newteacher);
>      +--------+--------+-----+----------+
>      | jobnum | name   | sex | subject  |
>      +--------+--------+-----+----------+
>      |      1 |  默凡语 |  男  |  大学语文 |
>      |      2 |  李宗盛 |  男  |  大学音乐 |
>      +--------+--------+-----+----------+
>      2 rows in set (0.00 sec)
>      ```
>
>  * **`some`**==（一些）==：同`any`
>
>    * 格式：`select * from 父表名 where 同字段 some (select 同字段 from 子表名 where 条件);`
>
>      ```mysql
>      #返回子查询结果集中任意一个存在于父查询的数据
>      mysql> select * from teacher where name=some(select name from newteacher);
>      +--------+--------+-----+----------+
>      | jobnum | name   | sex | subject  |
>      +--------+--------+-----+----------+
>      |      1 |  默凡语 |  男  |  大学语文 |
>      |      2 |  李宗盛 |  男  |  大学音乐 |
>      +--------+--------+-----+----------+
>      2 rows in set (0.00 sec)
>      ```
>
>  * **`exists`**==（存在于）==：
>
>    * ~~`exists`后可以跟任何一个子查询，其不产生数据只返回`true`或`false`，若为`true`时，以`true`的子查询为条件返回所有记录。~~

## 联合查询`union`

> - 将多次查询的结果合并起来，形成一个新的查询结果集。
> - 进行联合查询的多张表的列数必须保持一致，字段类型也要保持一致
> - `union all`会将全部的数据直接合并在一起
> - `union`会对合并之后的数据去重

## 分页查询`limit`

>#### 在MySQL中对某表查询前N条记录或查询指定的某范围的记录。
>
>* 查询前N条记录：
>
>  * 格式：`select * from 表名 limit N;`
>
>    ```mysql
>    mysql> select * from student limit 10;
>    +----+--------+-----+-----+
>    | id | name   | sex | age |
>    +----+--------+-----+-----+
>    |  5 | user4  | 男  |  39 |
>    |  6 | user5  | 女  |  81 |
>    |  7 | user6  | 男  |  90 |
>    |  8 | user7  | 女  |   5 |
>    |  9 | user8  | 男  |  55 |
>    | 10 | user9  | 女  |  58 |
>    | 11 | user10 | 男  |  25 |
>    | 12 | user11 | 女  |  50 |
>    | 13 | user12 | 男  |  76 |
>    | 14 | user13 | 女  |  30 |
>    +----+--------+-----+-----+
>    10 rows in set (0.00 sec)
>    ```
>
>* 查询某范围记录：
>
>  * `select * from 表名 limit M,N;`
>
>    * **M代表起点，从M+1开始**
>    * **N代表要返回的记录数**
>    * **从M+1条开始返回N条记录**
>
>    ```mysql
>    mysql> select * from student limit 1,10;
>    +----+--------+-----+-----+
>    | id | name   | sex | age |
>    +----+--------+-----+-----+
>    |  6 | user5  | 女  |  81 |
>    |  7 | user6  | 男  |  90 |
>    |  8 | user7  | 女  |   5 |
>    |  9 | user8  | 男  |  55 |
>    | 10 | user9  | 女  |  58 |
>    | 11 | user10 | 男  |  25 |
>    | 12 | user11 | 女  |  50 |
>    | 13 | user12 | 男  |  76 |
>    | 14 | user13 | 女  |  30 |
>    | 15 | user14 | 男  |  21 |
>    +----+--------+-----+-----+
>    10 rows in set (0.00 sec)
>    ```

## 分组查询`group by`

>#### 分组查询，就是将查询结果按指定字段进行分组，每个字段数据相等的为一组。
>
>#### 单独使用`group by`关键字时，查询结果会只显示每个分组的第一条记录。
>
>#### 除了聚合函数外，`select`关键字后面的每一个字段都必须在`group by`子句中指定。
>
>* 格式：
>  * `select 分组字段 from 表名 where 分组前条件 group by 分组字段 having 分组后条件 [with rollup];`
>
>    * 分组前的条件用`where子句`处理，过滤被分组之前的原始数据。
>    * 分组后的条件用`having子句`处理，过滤分组的数据，其用于控制最后输出的结果。
>      * 分组后过滤查询用`having`，在`having`后可以使用聚合函数。
>    * `with roollup`用于在最后一条记录的后面新增一行，用于显示`select`查询时聚合函数的统计和计算结果。
>
>    ```mysql
>    mysql> select sex,count(*) as 人数 from teacher group by sex;
>    +-----+------+
>    | sex | 人数 |
>    +-----+------+
>    | 男  |    2 |
>    | 女  |    2 |
>    +-----+------+
>    2 rows in set (0.00 sec)
>    ```
>
>    #### `group by`可以和`group_concat()`函数一起使用，`group_concat()`函数会把每个分组的字段值都显示出来。
>
>    ```mysql
>    #显示人数中具体对应的人名
>    mysql> select sex,count(*),group_concat(name) as 人数 from teacher group by sex;
>    +-----+----------+---------------+
>    | sex | count(*) | 人数          |
>    +-----+----------+---------------+
>    | 女  |        2 | 娜美,罗宾      |
>    | 男  |        2 | 默凡语,李宗盛   |
>    +-----+----------+---------------+
>    2 rows in set (0.01 sec)
>    ```
>
>  * 测试
>
>    ```mysql
>    #对区间[18,38]年龄进行分组，并统计每组年龄对应的人数，并汇总年龄在[18,38]区间内的总人数
>    mysql> select age as 年龄,count(*) as 该年龄段人数 from student where age>=18 and age<=38 group by age with rollup;
>    +------+--------------+
>    |  年龄 |   该年龄段人数 |
>    +------+--------------+
>    |   18 |          104 |
>    |   19 |          104 |
>    |   20 |          106 |
>    |   21 |           78 |
>    |   22 |           85 |
>    |   23 |           92 |
>    |   24 |           97 |
>    |   25 |           89 |
>    |   26 |          105 |
>    |   27 |           95 |
>    |   28 |          123 |
>    |   29 |          106 |
>    |   30 |           93 |
>    |   31 |          110 |
>    |   32 |          102 |
>    |   33 |          101 |
>    |   34 |           90 |
>    |   35 |          100 |
>    |   36 |          120 |
>    |   37 |           98 |
>    |   38 |           74 |
>    | NULL |         2072 |
>    +------+--------------+
>    22 rows in set (0.00 sec)
>    ```

## 排序查询`order by`

>#### `order by`一般是用来对查询结果的某一列或多列进行排序的。
>
>* 升序`ASC,默认升序`
>
>* 降序`DESC`
>
>* 格式：`select * from 表名 order by 字段名 [ASC | DESC];`
>
>  * `ASC升序`
>
>    ```mysql
>    mysql> select * from teacher order by jobnum ASC;
>    +--------+--------+-----+----------+
>    | jobnum | name   | sex | subject  |
>    +--------+--------+-----+----------+
>    |      1 |  默凡语 |  男  |  大学语文 |
>    |      2 |  李宗盛 |  男  |  大学音乐 |
>    |      3 |  娜美   |  女  |  大学美术 |
>    |      4 |  罗宾   |  女  |  大学历史 |
>    +--------+--------+-----+----------+
>    4 rows in set (0.00 sec)
>    ```
>
>  * `DESC降序`
>
>    ```mysql
>    mysql> select * from teacher order by jobnum DESC;
>    +--------+--------+-----+----------+
>    | jobnum | name   | sex | subject  |
>    +--------+--------+-----+----------+
>    |      4 |  罗宾   |  女  |  大学历史 |
>    |      3 |  娜美   |  女  |  大学美术 |
>    |      2 |  李宗盛 |  男  |  大学音乐 |
>    |      1 |  默凡语 |  男  |  大学语文 |
>    +--------+--------+-----+----------+
>    4 rows in set (0.00 sec)
>    ```
>
>#### 当排序字段包含null值时：
>
>1. `ASC升序`：排序字段为空的元素最后显示。
>2. `DEAC降序`：排序字段为空的元素最先显示。
>3. *可以将`null`值视为无穷大。*



